<?xml version="1.0" encoding="UTF-8"?>
<suppressions xmlns="https://jeremylong.github.io/DependencyCheck/dependency-suppression.1.3.xsd">
    <suppress>
        <cve>CVE-2020-15366</cve>
        <cpe>cpe:2.3:a:ajv.js:ajv:6.12.2</cpe>
    </suppress>
    <suppress>
        <cve>CVE-2020-13822</cve>
        <cve>CVE-2020-28498</cve>
        <vulnerabilityName>1547</vulnerabilityName>
        <vulnerabilityName>CWE-190: Integer Overflow or Wraparound</vulnerabilityName>
        <cpe>cpe:2.3:a:*:elliptic:6.5.2</cpe>
    </suppress>
    <suppress>
        <vulnerabilityName>1548</vulnerabilityName>
        <vulnerabilityName>CWE-502: Deserialization of Untrusted Data</vulnerabilityName>
        <cpe>cpe:2.3:a:*:serialize-javascript:2.1.2</cpe>
    </suppress>
    <suppress>
        <cve>CVE-2020-8203</cve>
        <cve>CVE-2020-28500</cve>
        <cve>CVE-2021-23337</cve>
        <vulnerabilityName>1523</vulnerabilityName>
        <vulnerabilityName>CWE-770: Allocation of Resources Without Limits or Throttling</vulnerabilityName>
        <cpe>cpe:2.3:a:*:lodash:4.17.15</cpe>
    </suppress>
    <suppress>
        <cve>CVE-2020-7788</cve>
        <vulnerabilityName>CWE-471: Modification of Assumed-Immutable Data (MAID)</vulnerabilityName>
        <vulnerabilityName>1589</vulnerabilityName>
        <cpe>cpe:2.3:a:*:ini:1.3.5</cpe>
    </suppress>
    <suppress>
        <cve>CVE-2020-7774</cve>
        <cpe>cpe:2.3:a:y18n_project:y18n</cpe>
    </suppress>
    <suppress>
        <cve>CVE-2020-29582</cve>
        <cpe>cpe:2.3:a:jetbrains:kotlin</cpe>
    </suppress>
</suppressions>
